사용일자,in_final,out_final,net_in_out_final,pre_week,next_week,week,weekend&public holiday
2023-01-11,24855.75144,26545.46908,-1689.7176399999994,-478.7288699999997,-1698.7432899999985,2,0
2023-01-12,24659.7534,26233.475319999998,-1573.7219199999984,-922.7206599999994,-1144.7658099999994,3,0
2023-01-13,24969.7503,26440.47118,-1470.7208799999996,-1127.7196299999982,-1675.72176,4,0
2023-01-16,24164.75835,24986.50026,-821.7419099999997,-1333.7217299999995,-1858.707869999999,0,0
2023-01-17,23509.764900000002,24325.51348,-815.7485799999995,-1592.7042399999987,-909.73805,1,0
2023-01-18,24274.75725,25162.49674,-887.7394899999997,-898.7367799999989,-933.7380899999996,2,0
2023-01-19,23288.76711,23839.5232,-550.7560899999999,-1235.7286399999994,-1259.75917,3,0
2023-01-20,22272.77727,23971.52056,-1698.7432899999985,-1689.7176399999994,-1668.7612199999992,4,0
2023-01-25,21128.78871,22273.55452,-1144.7658099999994,-1573.7219199999984,-1376.8024899999998,2,0
2023-01-26,24471.75528,26147.47704,-1675.72176,-1470.7208799999996,-1092.7480800000003,3,0
2023-01-27,25494.74505,27353.45292,-1858.707869999999,-821.7419099999997,-1093.76597,4,0
2023-01-30,24374.756250000002,25284.4943,-909.73805,-815.7485799999995,-1779.78573,0,0
2023-01-31,24322.75677,25256.49486,-933.7380899999996,-887.7394899999997,-1360.7848099999999,1,0
2023-02-01,24885.502279999997,26145.261449999998,-1259.75917,-550.7560899999999,-1858.8351499999999,2,0
2023-02-02,24817.50364,26486.26486,-1668.7612199999992,-1698.7432899999985,-1155.7710599999991,3,0
2023-02-03,26290.474179999997,27667.27667,-1376.8024899999998,-1144.7658099999994,-1392.7987200000007,4,0
2023-02-06,24571.50856,25664.25664,-1092.7480800000003,-1675.72176,-1220.8100500000003,0,0
2023-02-07,25167.49664,26261.262609999998,-1093.76597,-1858.707869999999,-1523.8095699999994,1,0
2023-02-08,25597.48804,27377.27377,-1779.78573,-909.73805,-2013.8616900000006,2,0
2023-02-09,25706.48586,27067.270669999998,-1360.7848099999999,-933.7380899999996,-1141.8117499999985,3,0
2023-02-10,27218.45562,29077.29077,-1858.8351499999999,-1259.75917,-1480.8272300000008,4,0
2023-02-13,25316.49366,26472.26472,-1155.7710599999991,-1668.7612199999992,-1258.8660500000003,0,0
2023-02-14,26159.4768,27552.27552,-1392.7987200000007,-1376.8024899999998,-2424.8854799999995,1,0
2023-02-15,26594.4681,27815.27815,-1220.8100500000003,-1092.7480800000003,-2204.9513500000003,2,0
2023-02-16,26477.47044,28001.28001,-1523.8095699999994,-1093.76597,-1738.8457699999997,3,0
2023-02-17,28051.43896,30065.300649999997,-2013.8616900000006,-1779.78573,-1064.9096500000005,4,0
2023-02-20,26677.46644,27819.278189999997,-1141.8117499999985,-1360.7848099999999,-2032.979669999999,0,0
2023-02-21,27080.45838,28561.28561,-1480.8272300000008,-1858.8351499999999,-1984.9801499999996,1,0
2023-02-22,28448.43102,29707.29707,-1258.8660500000003,-1155.7710599999991,-1553.9844599999997,2,0
2023-02-23,28707.42584,31132.311319999997,-2424.8854799999995,-1392.7987200000007,-2080.9791899999996,3,0
2023-02-24,30976.38046,33181.331809999996,-2204.9513500000003,-1220.8100500000003,-1791.9820800000016,4,0
2023-02-27,27612.44774,29351.29351,-1738.8457699999997,-1523.8095699999994,-1767.9823200000005,0,0
2023-02-28,29966.40066,31031.31031,-1064.9096500000005,-2013.8616900000006,-2322.976770000001,1,0
2023-03-02,29690.70309,31723.68276,-2032.979669999999,-1141.8117499999985,-1849.9814999999994,3,0
2023-03-03,31000.68999,32985.67014,-1984.9801499999996,-1480.8272300000008,-1748.9825099999998,4,0
2023-03-06,31019.6898,32573.67426,-1553.9844599999997,-1258.8660500000003,-1739.9826000000003,0,0
2023-03-07,31823.68176,33904.66095,-2080.9791899999996,-2424.8854799999995,-2048.979510000001,1,0
2023-03-08,32866.67133,34658.65341,-1791.9820800000016,-2204.9513500000003,-2345.9765400000006,2,0
2023-03-09,33098.66901,34866.65133,-1767.9823200000005,-1738.8457699999997,-2180.9781900000003,3,0
2023-03-10,34346.65653,36669.6333,-2322.976770000001,-1064.9096500000005,-2024.9797500000009,4,0
2023-03-13,33294.667050000004,35144.64855,-1849.9814999999994,-2032.979669999999,-1818.9818099999998,0,0
2023-03-14,33920.66079,35669.6433,-1748.9825099999998,-1984.9801499999996,-1777.9822200000008,1,0
2023-03-15,34734.652649999996,36474.63525,-1739.9826000000003,-1553.9844599999997,-2247.9775200000017,2,0
2023-03-16,34552.65447,36601.63398,-2048.979510000001,-2080.9791899999996,-1558.9844099999991,3,0
2023-03-17,35099.649,37445.62554,-2345.9765400000006,-1791.9820800000016,-1895.9810400000006,4,0
2023-03-20,34213.65786,36394.63605,-2180.9781900000003,-1767.9823200000005,-2036.9796299999991,0,0
2023-03-21,33801.66198,35826.64173,-2024.9797500000009,-2322.976770000001,-1992.98007,1,0
2023-03-22,33765.66234,35584.64415,-1818.9818099999998,-1849.9814999999994,-2300.9769899999997,2,0
2023-03-23,34161.65838,35939.6406,-1777.9822200000008,-1748.9825099999998,-2522.9747700000016,3,0
2023-03-24,35502.64497,37750.62249,-2247.9775200000017,-1739.9826000000003,-1693.9830600000018,4,0
2023-03-27,34292.65707,35851.64148,-1558.9844099999991,-2048.979510000001,-1834.98165,0,0
2023-03-28,34073.65926,35969.6403,-1895.9810400000006,-2345.9765400000006,-2446.9755299999997,1,0
2023-03-29,33886.66113,35923.64076,-2036.9796299999991,-2180.9781900000003,-2402.9759700000013,2,0
2023-03-30,34222.65777,36215.63784,-1992.98007,-2024.9797500000009,-1870.9812900000006,3,0
2023-03-31,35404.64595,37705.62294,-2300.9769899999997,-1818.9818099999998,-1660.9833899999999,4,0
2023-04-03,35092.64907,37615.62384,-2522.9747700000016,-1777.9822200000008,-2097.9790200000016,0,0
2023-04-04,34484.65515,36178.638210000005,-1693.9830600000018,-2247.9775200000017,-2085.9791399999995,1,0
2023-04-05,32422.67577,34257.65742,-1834.98165,-1558.9844099999991,-2622.97377,2,0
2023-04-06,34077.65922,36524.63475,-2446.9755299999997,-1895.9810400000006,-1400.9859900000015,3,0
2023-04-07,36468.63531,38871.611280000005,-2402.9759700000013,-2036.9796299999991,-1343.9865599999996,4,0
2023-04-10,32821.67178,34692.65307,-1870.9812900000006,-1992.98007,-780.992189999999,0,0
2023-04-11,31673.68326,33334.66665,-1660.9833899999999,-2300.9769899999997,-1199.9880000000007,1,0
2023-04-12,33930.66069,36028.63971,-2097.9790200000016,-2522.9747700000016,-2307.976920000001,2,0
2023-04-13,33812.661869999996,35898.64101,-2085.9791399999995,-1693.9830600000018,-965.9903400000007,3,0
2023-04-14,34954.65045,37577.62422,-2622.97377,-1834.98165,-1472.9852700000006,4,0
2023-04-17,32518.67481,33919.6608,-1400.9859900000015,-2446.9755299999997,-1602.9839699999995,0,0
2023-04-18,30869.691300000002,32213.67786,-1343.9865599999996,-2402.9759700000013,-1974.980250000002,1,0
2023-04-19,33600.66399,34381.65618,-780.992189999999,-1870.9812900000006,-2623.9737600000026,2,0
2023-04-20,32220.67779,33420.66579,-1199.9880000000007,-1660.9833899999999,-3111.7135599999997,3,0
2023-04-21,33993.66006,36301.63698,-2307.976920000001,-2097.9790200000016,-1947.6579399999991,4,0
2023-04-24,32740.672590000002,33706.66293,-965.9903400000007,-2085.9791399999995,-2970.6423300000006,0,0
2023-04-25,31559.6844,33032.66967,-1472.9852700000006,-2622.97377,-2905.6328699999995,1,0
2023-04-26,33294.667050000004,34897.651020000005,-1602.9839699999995,-1400.9859900000015,-1184.6950399999998,2,0
2023-04-27,33127.66872,35102.64897,-1974.980250000002,-1343.9865599999996,-1871.6857699999987,3,0
2023-04-28,34754.65245,37378.62621,-2623.9737600000026,-780.992189999999,-1992.6744499999995,4,0
2023-05-01,28644.28644,31756.0,-3111.7135599999997,-1199.9880000000007,-1576.676749999999,0,0
2023-05-02,34206.342059999995,36154.0,-1947.6579399999991,-2307.976920000001,-1433.6507900000004,1,0
2023-05-03,35767.35767,38738.0,-2970.6423300000006,-965.9903400000007,-1342.6754399999998,2,0
2023-05-04,36713.36713,39619.0,-2905.6328699999995,-1472.9852700000006,-654.6659500000001,3,0
2023-05-08,30496.30496,31681.0,-1184.6950399999998,-1602.9839699999995,-946.6521599999986,0,0
2023-05-09,31423.31423,33295.0,-1871.6857699999987,-1974.980250000002,-2064.675269999999,1,0
2023-05-10,32555.32555,34548.0,-1992.6744499999995,-2623.9737600000026,-2060.6579099999994,2,0
2023-05-11,32325.323249999998,33902.0,-1576.676749999999,-3111.7135599999997,-1476.67081,3,0
2023-05-12,34921.34921,36355.0,-1433.6507900000004,-1947.6579399999991,-1669.67356,4,0
2023-05-15,32456.32456,33799.0,-1342.6754399999998,-2970.6423300000006,-1567.6734400000003,0,0
2023-05-16,33405.33405,34060.0,-654.6659500000001,-2905.6328699999995,-1769.6722800000002,1,0
2023-05-17,34784.34784,35731.0,-946.6521599999986,-1184.6950399999998,-2028.6557799999994,2,0
2023-05-18,32473.32473,34538.0,-2064.675269999999,-1871.6857699999987,-1040.7654199999993,3,0
2023-05-19,34209.34209,36270.0,-2060.6579099999994,-1992.6744499999995,-1632.6845099999987,4,0
2023-05-22,32919.32919,34396.0,-1476.67081,-1576.676749999999,-870.6675300000011,0,0
2023-05-23,32644.32644,34314.0,-1669.67356,-1433.6507900000004,-2067.9736799999996,1,0
2023-05-24,32656.32656,34224.0,-1567.6734400000003,-1342.6754399999998,-2318.056969999998,2,0
2023-05-25,32772.32772,34542.0,-1769.6722800000002,-654.6659500000001,-1822.0373700000014,3,0
2023-05-26,34422.34422,36451.0,-2028.6557799999994,-946.6521599999986,-1097.9659300000012,4,0
2023-05-29,23458.23458,24499.0,-1040.7654199999993,-2064.675269999999,-1833.94131,0,0
2023-05-30,31549.31549,33182.0,-1632.6845099999987,-2060.6579099999994,-2740.0394700000015,1,0
2023-05-31,33247.33247,34118.0,-870.6675300000011,-1476.67081,-1894.0165199999994,2,0
2023-06-01,31766.36466,33834.33834,-2067.9736799999996,-1669.67356,-1691.0426900000011,3,0
2023-06-02,34459.3108,36777.36777,-2318.056969999998,-1567.6734400000003,-1993.047,4,0
2023-06-05,33971.32056,35793.35793,-1822.0373700000014,-1769.6722800000002,-2205.0274,0,0
2023-06-07,31831.36336,32929.32929,-1097.9659300000012,-2028.6557799999994,-2863.09944,2,0
2023-06-08,30765.38468,32599.325989999998,-1833.94131,-1040.7654199999993,-1869.0226900000002,3,0
2023-06-09,33735.32528,36475.36475,-2740.0394700000015,-1632.6845099999987,-1725.0114100000003,4,0
2023-06-12,33252.33494,35146.35146,-1894.0165199999994,-870.6675300000011,-1756.0064999999986,0,0
2023-06-13,34192.316139999995,35883.35883,-1691.0426900000011,-2067.9736799999996,-2667.031689999999,1,0
2023-06-14,34235.315279999995,36228.36228,-1993.047,-2318.056969999998,-2901.0855100000003,2,0
2023-06-15,33511.32976,35716.35716,-2205.0274,-1822.0373700000014,-1739.9462800000001,3,0
2023-06-16,35693.28612,38556.385559999995,-2863.09944,-1097.9659300000012,-2207.9735800000008,4,0
2023-06-19,33466.33066,35335.35335,-1869.0226900000002,-1833.94131,-1630.9841599999982,0,0
2023-06-20,33138.33722,34863.34863,-1725.0114100000003,-2740.0394700000015,-2018.8583199999998,1,0
2023-06-21,32964.3407,34720.3472,-1756.0064999999986,-1894.0165199999994,-2302.009979999999,2,0
2023-06-22,33500.32998,36167.36167,-2667.031689999999,-1691.0426900000011,-1865.3257099999994,3,0
2023-06-23,35216.295659999996,38117.38117,-2901.0855100000003,-1993.047,-2263.30346,4,0
2023-06-26,30962.38074,32702.32702,-1739.9462800000001,-2205.0274,-2075.3323100000007,0,0
2023-06-27,31716.36566,33924.33924,-2207.9735800000008,-2863.09944,-1767.3300599999993,1,0
2023-06-28,32261.35476,33892.338919999995,-1630.9841599999982,-1869.0226900000002,-2550.3434300000013,2,0
2023-06-29,27937.44124,29956.29956,-2018.8583199999998,-1725.0114100000003,-1222.31234,3,0
2023-06-30,32898.34202,35200.352,-2302.009979999999,-1756.0064999999986,-2204.2963199999995,4,0
2023-07-03,30706.0,32571.32571,-1865.3257099999994,-2667.031689999999,-1656.32442,0,0
2023-07-04,28083.0,30346.30346,-2263.30346,-2901.0855100000003,-1849.2980700000003,1,0
2023-07-05,31156.0,33231.33231,-2075.3323100000007,-1739.9462800000001,-2155.3264099999997,2,0
2023-07-06,31239.0,33006.33006,-1767.3300599999993,-2207.9735800000008,-1144.3288100000002,3,0
2023-07-07,31793.0,34343.34343,-2550.3434300000013,-1630.9841599999982,-1748.3210800000008,4,0
2023-07-10,30012.0,31234.31234,-1222.31234,-2018.8583199999998,-2093.3395499999997,0,0
2023-07-11,27428.0,29632.29632,-2204.2963199999995,-2302.009979999999,-2501.358079999999,1,0
2023-07-12,30786.0,32442.32442,-1656.32442,-1865.3257099999994,-2277.3623600000014,2,0
2023-07-13,27958.0,29807.29807,-1849.2980700000003,-2263.30346,-1699.3316000000004,3,0
2023-07-14,30486.0,32641.32641,-2155.3264099999997,-2075.3323100000007,-1461.3227399999998,4,0
2023-07-17,31737.0,32881.32881,-1144.3288100000002,-1767.3300599999993,-1998.3261100000013,0,0
2023-07-18,30360.0,32108.32108,-1748.3210800000008,-2550.3434300000013,-2242.3419299999987,1,0
2023-07-19,31862.0,33955.33955,-2093.3395499999997,-1222.31234,-2421.3423,2,0
2023-07-20,33307.0,35808.35808,-2501.358079999999,-2204.2963199999995,-2543.3470000000007,3,0
2023-07-21,33959.0,36236.36236,-2277.3623600000014,-1656.32442,-1716.6666299999997,4,0
2023-07-24,31461.0,33160.3316,-1699.3316000000004,-1849.2980700000003,-2453.672559999998,0,0
2023-07-25,30813.0,32274.32274,-1461.3227399999998,-2155.3264099999997,-2512.6718299999993,1,0
2023-07-26,30613.0,32611.32611,-1998.3261100000013,-1144.3288100000002,-2080.673729999999,2,0
2023-07-27,31951.0,34193.34193,-2242.3419299999987,-1748.3210800000008,-1332.6962099999987,3,0
2023-07-28,31809.0,34230.3423,-2421.3423,-2093.3395499999997,-2366.6796099999997,4,0
2023-07-31,32157.0,34700.347,-2543.3470000000007,-2501.358079999999,-1492.6818599999967,0,0
2023-08-01,31620.0,33336.66663,-1716.6666299999997,-2277.3623600000014,-2106.7556899999995,1,0
2023-08-02,30290.0,32743.67256,-2453.672559999998,-1699.3316000000004,-2311.679939999999,2,0
2023-08-03,30304.0,32816.67183,-2512.6718299999993,-1461.3227399999998,-2879.6475599999994,3,0
2023-08-04,30546.0,32626.67373,-2080.673729999999,-1998.3261100000013,-1998.6642299999978,4,0
2023-08-07,29046.0,30378.69621,-1332.6962099999987,-2242.3419299999987,-2597.657419999999,0,0
2023-08-08,29672.0,32038.67961,-2366.6796099999997,-2421.3423,-2462.6441499999983,1,0
2023-08-09,30321.0,31813.68186,-1492.6818599999967,-2543.3470000000007,-1978.6650399999994,2,0
2023-08-10,22324.0,24430.75569,-2106.7556899999995,-1716.6666299999997,-2314.668139999999,3,0
2023-08-11,29694.0,32005.67994,-2311.679939999999,-2453.672559999998,-2297.6667599999996,4,0
2023-08-14,32364.0,35243.64756,-2879.6475599999994,-2512.6718299999993,-1939.6536799999992,0,0
2023-08-16,31578.0,33576.66423,-1998.6642299999978,-2080.673729999999,-3026.630849999997,2,0
2023-08-17,31660.0,34257.65742,-2597.657419999999,-1332.6962099999987,-2241.6514499999994,3,0
2023-08-18,33122.0,35584.64415,-2462.6441499999983,-2366.6796099999997,-2525.659489999999,4,0
2023-08-21,31517.0,33495.66504,-1978.6650399999994,-1492.6818599999967,-1957.6492399999986,0,0
2023-08-22,30871.0,33185.66814,-2314.668139999999,-2106.7556899999995,-1883.6561699999997,1,0
2023-08-23,31026.0,33323.66676,-2297.6667599999996,-2311.679939999999,-2692.755299999999,2,0
2023-08-24,32692.0,34631.653679999996,-1939.6536799999992,-2879.6475599999994,-2062.718099999999,3,0
2023-08-25,33888.0,36914.63085,-3026.630849999997,-1998.6642299999978,-2257.74662,4,0
2023-08-28,32613.0,34854.65145,-2241.6514499999994,-2597.657419999999,-1562.7392799999993,0,0
2023-08-29,31525.0,34050.65949,-2525.659489999999,-2462.6441499999983,-1877.736299999999,1,0
2023-08-30,33118.0,35075.64924,-1957.6492399999986,-1978.6650399999994,-2698.7840199999982,2,0
2023-08-31,32499.0,34382.65617,-1883.6561699999997,-2314.668139999999,-1646.7138599999996,3,0
2023-09-01,35073.0,37765.7553,-2692.755299999999,-2297.6667599999996,-1854.72656,4,0
2023-09-04,33843.0,35905.7181,-2062.718099999999,-1939.6536799999992,-2126.720960000001,0,0
2023-09-05,35074.0,37331.74662,-2257.74662,-3026.630849999997,-2033.7484000000002,1,0
2023-09-06,35402.0,36964.73928,-1562.7392799999993,-2241.6514499999994,-1680.7430199999994,2,0
2023-09-07,34938.0,36815.736300000004,-1877.736299999999,-2525.659489999999,-2041.7536599999999,3,0
2023-09-08,36503.0,39201.78402,-2698.7840199999982,-1957.6492399999986,-2115.743059999999,4,0
2023-09-11,34047.0,35693.71386,-1646.7138599999996,-1883.6561699999997,-2121.7180599999997,0,0
2023-09-12,34474.0,36328.72656,-1854.72656,-2692.755299999999,-1979.75644,1,0
2023-09-13,33922.0,36048.72096,-2126.720960000001,-2062.718099999999,-2530.7746999999995,2,0
2023-09-14,35387.0,37420.7484,-2033.7484000000002,-2257.74662,-1187.6601000000012,3,0
2023-09-15,35471.0,37151.74302,-1680.7430199999994,-1562.7392799999993,-686.6237000000001,4,0
2023-09-18,35642.0,37683.75366,-2041.7536599999999,-1877.736299999999,-2330.6404599999996,0,0
2023-09-19,35038.0,37153.74306,-2115.743059999999,-2698.7840199999982,-2971.970280000001,1,0
2023-09-20,33782.0,35903.71806,-2121.7180599999997,-1646.7138599999996,-2283.9771600000013,2,0
2023-09-21,35843.0,37822.75644,-1979.75644,-1854.72656,-1807.981920000002,3,0
2023-09-22,36205.0,38735.7747,-2530.7746999999995,-2126.720960000001,-3336.9666300000017,4,0
2023-09-25,31818.0,33005.6601,-1187.6601000000012,-2033.7484000000002,-1437.9856200000022,0,0
2023-09-26,30499.0,31185.6237,-686.6237000000001,-1680.7430199999994,-2514.9748500000014,1,0
2023-09-27,29693.0,32023.64046,-2330.6404599999996,-2041.7536599999999,-2216.9778300000016,2,0
2023-10-02,28051.71948,31023.68976,-2971.970280000001,-2115.743059999999,-2797.972020000002,0,0
2023-10-04,29146.70853,31430.68569,-2283.9771600000013,-2121.7180599999997,-1890.9810900000016,2,0
2023-10-05,31053.68946,32861.67138,-1807.981920000002,-1979.75644,-2210.977890000002,3,0
2023-10-06,33698.66301,37035.62964,-3336.9666300000017,-2530.7746999999995,-2085.9791400000013,4,0
2023-10-10,32883.67116,34321.65678,-1437.9856200000022,-1187.6601000000012,-2055.979440000001,1,0
2023-10-11,33879.661199999995,36394.63605,-2514.9748500000014,-686.6237000000001,-2903.970960000002,2,0
2023-10-12,34555.65444,36772.63227,-2216.9778300000016,-2330.6404599999996,-2245.9775400000017,3,0
2023-10-13,37555.62444,40353.59646,-2797.972020000002,-2971.970280000001,-2385.9761400000025,4,0
2023-10-16,35954.64045,37845.62154,-1890.9810900000016,-2283.9771600000013,-2395.976040000001,0,0
2023-10-17,36042.63957,38253.61746,-2210.977890000002,-1807.981920000002,-2558.9744100000016,1,0
2023-10-18,36494.63505,38580.61419,-2085.9791400000013,-3336.9666300000017,-2905.9709400000015,2,0
2023-10-19,36606.633929999996,38662.61337,-2055.979440000001,-1437.9856200000022,-1658.983410000001,3,0
2023-10-20,39647.60352,42551.57448,-2903.970960000002,-2514.9748500000014,-1721.982780000002,4,0
2023-10-23,37335.62664,39581.60418,-2245.9775400000017,-2216.9778300000016,-2553.07812,0,0
2023-10-24,36243.637559999996,38629.6137,-2385.9761400000025,-2797.972020000002,-2464.1516100000017,1,0
2023-10-25,37356.62643,39752.60247,-2395.976040000001,-1890.9810900000016,-3473.2259700000013,2,0
2023-10-26,36441.63558,39000.60999,-2558.9744100000016,-2210.977890000002,-2143.056750000002,3,0
2023-10-27,38269.6173,41175.588240000005,-2905.9709400000015,-2085.9791400000013,-2269.1058900000007,4,0
2023-10-30,35509.6449,37168.62831,-1658.983410000001,-2055.979440000001,-2062.12953,0,0
2023-10-31,33262.667369999996,34984.65015,-1721.982780000002,-2903.970960000002,-2302.0695299999998,1,0
2023-11-01,34235.65764,36788.735759999996,-2553.07812,-2245.9775400000017,-2615.15184,2,0
2023-11-02,36744.632549999995,39208.78416,-2464.1516100000017,-2385.9761400000025,-2241.0959100000023,3,0
2023-11-03,38550.61449,42023.84046,-3473.2259700000013,-2395.976040000001,-1964.088240000001,4,0
2023-11-06,33796.66203,35939.71878,-2143.056750000002,-2558.9744100000016,-2344.124100000002,0,0
2023-11-07,35350.64649,37619.75238,-2269.1058900000007,-2905.9709400000015,-2602.0523099999996,1,0
2023-11-08,36276.63723,38338.76676,-2062.12953,-1658.983410000001,-3031.231710000001,2,0
2023-11-09,34116.65883,36418.72836,-2302.0695299999998,-1721.982780000002,-2397.1173900000017,3,0
2023-11-10,36651.63348,39266.78532,-2615.15184,-2553.07812,-1845.1008900000002,4,0
2023-11-13,35036.64963,37277.74554,-2241.0959100000023,-2464.1516100000017,-2723.114400000002,0,0
2023-11-14,34965.65034,36929.73858,-1964.088240000001,-3473.2259700000013,-2997.1869000000015,1,0
2023-11-15,35907.64092,38251.76502,-2344.124100000002,-2143.056750000002,-3329.260470000002,2,0
2023-11-16,33342.66657,35944.71888,-2602.0523099999996,-2269.1058900000007,-1641.0628799999997,3,0
2023-11-17,39036.60963,42067.84134,-3031.231710000001,-2062.12953,-1848.08172,4,0
2023-11-20,35648.64351,38045.7609,-2397.1173900000017,-2302.0695299999998,-1949.0874600000018,0,0
2023-11-21,35466.64533,37311.74622,-1845.1008900000002,-2615.15184,-2108.0574300000003,1,0
2023-11-22,35331.64668,38054.761080000004,-2723.114400000002,-2241.0959100000023,-2595.58245,2,0
2023-11-23,37565.62434,40562.81124,-2997.1869000000015,-1964.088240000001,-1978.6181600000004,3,0
2023-11-24,39796.60203,43125.8625,-3329.260470000002,-2344.124100000002,-1888.6158699999992,4,0
2023-11-27,34335.65664,35976.71952,-1641.0628799999997,-2602.0523099999996,-2263.62206,0,0
2023-11-28,34825.65174,36673.73346,-1848.08172,-3031.231710000001,-2304.611640000001,1,0
2023-11-29,34949.650499999996,36898.73796,-1949.0874600000018,-2397.1173900000017,-2978.571320000001,2,0
2023-11-30,33842.66157,35950.719,-2108.0574300000003,-1845.1008900000002,-1666.6481099999999,3,0
2023-12-01,36562.63437,39158.21682,-2595.58245,-2723.114400000002,-1578.6185099999996,4,0
2023-12-04,34225.65774,36204.2759,-1978.6181600000004,-2997.1869000000015,-2116.6025400000008,0,0
2023-12-05,34634.65365,36523.26952,-1888.6158699999992,-3329.260470000002,-2559.6177700000007,1,0
2023-12-06,33265.66734,35529.2894,-2263.62206,-1641.0628799999997,-2903.580110000001,2,0
2023-12-07,34225.65774,36530.26938,-2304.611640000001,-1848.08172,-1955.6227099999999,3,0
2023-12-08,36909.630900000004,39888.20222,-2978.571320000001,-1949.0874600000018,-2202.619300000001,4,0
2023-12-11,31854.68145,33521.32956,-1666.6481099999999,-2108.0574300000003,-2122.620319999999,0,0
2023-12-12,34990.65009,36569.2686,-1578.6185099999996,-2595.58245,-2635.62478,1,0
2023-12-13,35511.64488,37628.24742,-2116.6025400000008,-1978.6181600000004,-3784.5751600000012,2,0
2023-12-14,33102.66897,35662.28674,-2559.6177700000007,-1888.6158699999992,-3026.59509,3,0
2023-12-15,36180.63819,39084.2183,-2903.580110000001,-2263.62206,-2714.5976200000005,4,0
2023-12-18,33816.66183,35772.28454,-1955.6227099999999,-2304.611640000001,-3647.570959999999,0,0
2023-12-19,33663.66336,35866.282660000004,-2202.619300000001,-2978.571320000001,-4149.54655,1,0
2023-12-20,33721.66278,35844.2831,-2122.620319999999,-1666.6481099999999,-2313.4635600000015,2,0
2023-12-21,32249.6775,34885.30228,-2635.62478,-1578.6185099999996,-1634.3910000000008,3,0
2023-12-22,34913.65086,38698.22602,-3784.5751600000012,-2116.6025400000008,-1062.3814199999995,4,0
2023-12-26,34436.65563,37463.250720000004,-3026.59509,-2559.6177700000007,-1901.3917599999997,1,0
2023-12-27,34807.65192,37522.24954,-2714.5976200000005,-2903.580110000001,-1784.3627600000013,2,0
2023-12-28,35607.64392,39255.21488,-3647.570959999999,-1955.6227099999999,-389.43231999999966,3,0
2023-12-29,37044.629550000005,41194.176100000004,-4149.54655,-2202.619300000001,-1286.45566,4,0
2024-01-01,26822.53644,29136.0,-2313.4635600000015,-2122.620319999999,-2032.4325400000002,0,0
2024-01-02,30450.609,32085.0,-1634.3910000000008,-2635.62478,-1497.43906,1,0
2024-01-03,30929.61858,31992.0,-1062.3814199999995,-3784.5751600000012,-2124.3843999999985,2,0
2024-01-04,30412.60824,32314.0,-1901.3917599999997,-3026.59509,-1360.4526799999996,3,0
2024-01-05,31862.63724,33647.0,-1784.3627600000013,-2714.5976200000005,-1321.4368000000004,4,0
2024-01-08,28384.56768,28774.0,-389.43231999999966,-3647.570959999999,-1632.4486399999996,0,0
2024-01-09,27217.54434,28504.0,-1286.45566,-4149.54655,-1624.42282,1,0
2024-01-10,28373.56746,30406.0,-2032.4325400000002,-2313.4635600000015,-1865.3905599999994,2,0
2024-01-11,28047.56094,29545.0,-1497.43906,-1634.3910000000008,-1408.4714000000004,3,0
2024-01-12,30780.6156,32905.0,-2124.3843999999985,-1062.3814199999995,-1102.475320000001,4,0
2024-01-15,27366.547319999998,28727.0,-1360.4526799999996,-1901.3917599999997,-1363.4568399999994,0,0
2024-01-16,28160.5632,29482.0,-1321.4368000000004,-1784.3627600000013,-1635.4314599999998,1,0
2024-01-17,27568.55136,29201.0,-1632.4486399999996,-389.43231999999966,-1635.3910400000009,2,0
2024-01-18,28859.57718,30484.0,-1624.42282,-1286.45566,-856.4187800000004,3,0
2024-01-19,30472.60944,32338.0,-1865.3905599999994,-2032.4325400000002,-1471.4241400000012,4,0
2024-01-22,26430.5286,27839.0,-1408.4714000000004,-1497.43906,-1068.4172200000007,0,0
2024-01-23,26234.52468,27337.0,-1102.475320000001,-2124.3843999999985,-1895.0189500000004,1,0
2024-01-24,27158.54316,28522.0,-1363.4568399999994,-1360.4526799999996,-1968.0196799999997,2,0
2024-01-25,28427.56854,30063.0,-1635.4314599999998,-1321.4368000000004,-1181.0118100000013,3,0
2024-01-26,30448.60896,32084.0,-1635.3910400000009,-1632.4486399999996,-1029.0102900000013,4,0
2024-01-29,29061.58122,29918.0,-856.4187800000004,-1624.42282,-823.0082300000006,0,0
2024-01-30,28793.57586,30265.0,-1471.4241400000012,-1865.3905599999994,-1644.0164399999994,1,0
2024-01-31,29139.58278,30208.0,-1068.4172200000007,-1408.4714000000004,-2687.0268700000006,2,0
2024-02-01,28787.28787,30682.30682,-1895.0189500000004,-1102.475320000001,-1290.0129000000013,3,0
2024-02-02,32234.32234,34202.342020000004,-1968.0196799999997,-1363.4568399999994,-1806.0180600000008,4,0
2024-02-05,28013.28013,29194.29194,-1181.0118100000013,-1635.4314599999998,-2717.0271700000003,0,0
2024-02-06,28628.28628,29657.296570000002,-1029.0102900000013,-1635.3910400000009,-2471.024710000001,1,0
2024-02-07,27789.27789,28612.28612,-823.0082300000006,-856.4187800000004,-2208.0220800000016,2,0
2024-02-08,26846.26846,28490.2849,-1644.0164399999994,-1471.4241400000012,-2098.020980000002,3,0
2024-02-09,21374.21374,24061.24061,-2687.0268700000006,-1068.4172200000007,-2083.0208300000013,4,0
2024-02-12,24086.240859999998,25376.25376,-1290.0129000000013,-1895.0189500000004,-1689.0168900000003,0,0
2024-02-13,29090.2909,30896.30896,-1806.0180600000008,-1968.0196799999997,-2270.0227000000014,1,0
2024-02-14,31570.3157,34287.34287,-2717.0271700000003,-1181.0118100000013,-2819.02819,2,0
2024-02-15,30529.30529,33000.33,-2471.024710000001,-1029.0102900000013,-1513.0151299999986,3,0
2024-02-16,34763.34763,36971.36971,-2208.0220800000016,-823.0082300000006,-1925.0192499999998,4,0
2024-02-19,29878.29878,31976.319760000002,-2098.020980000002,-1644.0164399999994,-1974.019740000002,0,0
2024-02-20,31649.31649,33732.33732,-2083.0208300000013,-2687.0268700000006,-1861.0186100000008,1,0
2024-02-21,31087.31087,32776.32776,-1689.0168900000003,-1290.0129000000013,-3711.3398100000004,2,0
2024-02-22,32859.32859,35129.35129,-2270.0227000000014,-1806.0180600000008,-1674.343789999999,3,0
2024-02-23,38017.38017,40836.40836,-2819.02819,-2717.0271700000003,-2486.3646599999993,4,0
2024-02-26,32455.32455,33968.33968,-1513.0151299999986,-2471.024710000001,-2064.3907399999985,0,0
2024-02-27,32479.32479,34404.34404,-1925.0192499999998,-2208.0220800000016,-2447.4002500000015,1,0
2024-02-28,32627.32627,34601.34601,-1974.019740000002,-2098.020980000002,-1750.4107499999998,2,0
2024-02-29,32784.32784,34645.34645,-1861.0186100000008,-2083.0208300000013,-1625.3777999999998,3,0
2024-03-01,30270.0,33981.33981,-3711.3398100000004,-1689.0168900000003,-2701.39262,4,0
2024-03-04,32705.0,34379.34379,-1674.343789999999,-2270.0227000000014,-2443.4142999999985,0,0
2024-03-05,33980.0,36466.36466,-2486.3646599999993,-2819.02819,-2540.4050699999993,1,0
2024-03-06,37010.0,39074.39074,-2064.3907399999985,-1513.0151299999986,-2553.4211000000005,2,0
2024-03-07,37578.0,40025.40025,-2447.4002500000015,-1925.0192499999998,-1748.4014599999985,3,0
2024-03-08,39325.0,41075.41075,-1750.4107499999998,-1974.019740000002,-2314.400059999998,4,0
2024-03-11,36155.0,37780.3778,-1625.3777999999998,-1861.0186100000008,-2237.4092500000006,0,0
2024-03-12,36561.0,39262.39262,-2701.39262,-3711.3398100000004,-2351.4067999999997,1,0
2024-03-13,38987.0,41430.4143,-2443.4142999999985,-1674.343789999999,-3014.40954,2,0
2024-03-14,37967.0,40507.40507,-2540.4050699999993,-2486.3646599999993,-2168.39949,3,0
2024-03-15,39557.0,42110.4211,-2553.4211000000005,-2064.3907399999985,-2288.4209899999996,4,0
2024-03-18,38398.0,40146.40146,-1748.4014599999985,-2447.4002500000015,-2672.440470000001,0,0
2024-03-19,37692.0,40006.40006,-2314.400059999998,-1750.4107499999998,-4439.475400000002,1,0
2024-03-20,38688.0,40925.40925,-2237.4092500000006,-1625.3777999999998,-4079.469350000001,2,0
2024-03-21,38329.0,40680.4068,-2351.4067999999997,-2701.39262,-2768.4282200000007,3,0
2024-03-22,37940.0,40954.40954,-3014.40954,-2443.4142999999985,-2486.4191699999983,4,0
2024-03-25,37781.0,39949.39949,-2168.39949,-2540.4050699999993,-2178.4137400000004,0,0
2024-03-26,39811.0,42099.42099,-2288.4209899999996,-2553.4211000000005,-3220.4383500000004,1,0
2024-03-27,41375.0,44047.44047,-2672.440470000001,-1748.4014599999985,-2143.3730900000005,2,0
2024-03-28,43101.0,47540.4754,-4439.475400000002,-2314.400059999998,-2452.3876199999986,3,0
2024-03-29,42856.0,46935.46935,-4079.469350000001,-2237.4092500000006,-3266.3048900000003,4,0
2024-04-01,40054.0,42822.42822,-2768.4282200000007,-2351.4067999999997,-2389.3799799999997,0,0
2024-04-02,39431.0,41917.41917,-2486.4191699999983,-3014.40954,-3414.41065,1,0
2024-04-03,39196.0,41374.413739999996,-2178.4137400000004,-2168.39949,-1724.356670000001,2,0
2024-04-05,40615.0,43835.43835,-3220.4383500000004,-2288.4209899999996,-1933.3760600000005,4,0
2024-04-08,35166.0,37309.37309,-2143.3730900000005,-2672.440470000001,-2198.383100000001,0,0
2024-04-09,36310.0,38762.38762,-2452.3876199999986,-4439.475400000002,-2478.3865099999994,1,0
2024-04-10,27223.0,30489.30489,-3266.3048900000003,-4079.469350000001,-2965.4046999999996,2,0
2024-04-11,35609.0,37998.37998,-2389.3799799999997,-2768.4282200000007,-1870.3671700000014,3,0
2024-04-12,37651.0,41065.41065,-3414.41065,-2486.4191699999983,-2127.369689999999,4,0
2024-04-15,33943.0,35667.35667,-1724.356670000001,-2178.4137400000004,-1178.372369999999,0,0
2024-04-16,35673.0,37606.37606,-1933.3760600000005,-3220.4383500000004,-1954.381130000001,1,0
2024-04-17,36112.0,38310.3831,-2198.383100000001,-2143.3730900000005,-3351.41604,2,0
2024-04-18,36173.0,38651.38651,-2478.3865099999994,-2452.3876199999986,-2060.4221100000013,3,0
2024-04-19,37505.0,40470.4047,-2965.4046999999996,-3266.3048900000003,-3086.4203699999985,4,0
2024-04-22,34847.0,36717.36717,-1870.3671700000014,-2389.3799799999997,-2576.824140000001,0,0
2024-04-23,34842.0,36969.36969,-2127.369689999999,-3414.41065,-3802.88548,1,0
2024-04-24,36059.0,37237.37237,-1178.372369999999,-1724.356670000001,-973.5056299999995,2,0
2024-04-25,36159.0,38113.38113,-1954.381130000001,-1933.3760600000005,-1501.6519300000011,3,0
2024-04-26,38253.0,41604.41604,-3351.41604,-2198.383100000001,-1617.6929900000005,4,0
2024-04-29,40151.0,42211.42211,-2060.4221100000013,-2478.3865099999994,-1961.6986299999996,0,0
2024-04-30,38951.0,42037.42037,-3086.4203699999985,-2965.4046999999996,-2720.735239999999,1,0
2024-05-02,39918.600809999996,42495.42495,-2576.824140000001,-1870.3671700000014,-2003.713930000001,3,0
2024-05-03,42372.57627,46175.46175,-3802.88548,-2127.369689999999,-2072.7260600000013,4,0
2024-05-06,24794.75205,25768.257680000002,-973.5056299999995,-1178.372369999999,-1942.4909200000006,0,0
2024-05-07,31845.681539999998,33347.33347,-1501.6519300000011,-1954.381130000001,-2190.7293199999986,1,0
2024-05-08,33840.66159,35458.35458,-1617.6929900000005,-3351.41604,-2567.7649299999994,2,0
2024-05-09,33950.66049,35912.35912,-1961.6986299999996,-2060.4221100000013,-1766.6879400000005,3,0
2024-05-10,35401.64598,38122.38122,-2720.735239999999,-3086.4203699999985,-1953.7208499999988,4,0
2024-05-13,34694.65305,36698.36698,-2003.713930000001,-2576.824140000001,-2079.74017,0,0
2024-05-14,35266.64733,37339.37339,-2072.7260600000013,-3802.88548,-1719.7321499999991,1,0
2024-05-15,23574.76425,25517.25517,-1942.4909200000006,-973.5056299999995,-2846.768160000001,2,0
2024-05-16,35370.646290000004,37561.37561,-2190.7293199999986,-1501.6519300000011,-1684.73542,3,0
2024-05-17,36962.63037,39530.395300000004,-2567.7649299999994,-1617.6929900000005,-1903.7351099999996,4,0
2024-05-20,33513.66486,35280.3528,-1766.6879400000005,-1961.6986299999996,-1987.7462300000002,0,0
2024-05-21,35065.64934,37019.37019,-1953.7208499999988,-2720.735239999999,-2052.72736,1,0
2024-05-22,35968.64031,38048.38048,-2079.74017,-2003.713930000001,-2669.755930000001,2,0
2024-05-23,35747.64252,37467.37467,-1719.7321499999991,-2072.7260600000013,-1070.66807,3,0
2024-05-24,36984.63015,39831.398310000004,-2846.768160000001,-1942.4909200000006,-1778.6785300000001,4,0
2024-05-27,35928.64071,37613.376130000004,-1684.73542,-2190.7293199999986,-2183.676500000001,0,0
2024-05-28,35803.64196,37707.37707,-1903.7351099999996,-2567.7649299999994,-3755.7545400000013,1,0
2024-05-29,36317.63682,38305.383050000004,-1987.7462300000002,-1766.6879400000005,-2608.64431,2,0
2024-05-30,35341.64658,37394.373940000005,-2052.72736,-1953.7208499999988,-2355.6838400000006,3,0
2024-05-31,36461.63538,39131.39131,-2669.755930000001,-2079.74017,-2152.6595500000008,4,0
2024-06-03,34264.68528,35335.35335,-1070.66807,-1719.7321499999991,-2386.6582900000003,0,0
2024-06-04,33926.67852,35705.35705,-1778.6785300000001,-2846.768160000001,-2407.6384300000022,1,0
2024-06-05,34534.69068,36718.36718,-2183.676500000001,-1684.73542,-1973.6573500000018,2,0
2024-06-06,28302.566039999998,32058.32058,-3755.7545400000013,-1903.7351099999996,-2302.6636399999998,3,0
2024-06-07,38178.76356,40787.40787,-2608.64431,-1987.7462300000002,-1567.6518399999995,4,0
2024-06-11,33972.67944,36328.36328,-2355.6838400000006,-2052.72736,-2514.662230000001,1,0
2024-06-12,36198.72396,38351.38351,-2152.6595500000008,-2669.755930000001,-3069.656060000001,2,0
2024-06-13,36558.73116,38945.38945,-2386.6582900000003,-1070.66807,-1961.67756,3,0
2024-06-14,38565.7713,40973.40973,-2407.6384300000022,-1778.6785300000001,-2312.680740000002,4,0
2024-06-17,36239.72478,38213.38213,-1973.6573500000018,-2183.676500000001,-2795.6838999999995,0,0
2024-06-18,35939.71878,38242.38242,-2302.6636399999998,-3755.7545400000013,-2407.6765600000003,1,0
2024-06-19,36384.72768,37952.37952,-1567.6518399999995,-2608.64431,-2796.66375,2,0
2024-06-20,36292.72584,38807.38807,-2514.662230000001,-2355.6838400000006,-1761.3313800000008,3,0
2024-06-21,37464.749279999996,40534.40534,-3069.656060000001,-2152.6595500000008,-1706.4106799999997,4,0
2024-06-24,34206.68412,36168.36168,-1961.67756,-2386.6582900000003,-1887.334680000001,0,0
2024-06-25,34239.684779999996,36552.36552,-2312.680740000002,-2407.6384300000022,-2332.3422800000003,1,0
2024-06-26,34406.68812,37202.37202,-2795.6838999999995,-1973.6573500000018,-2544.302819999999,2,0
2024-06-27,34752.69504,37160.3716,-2407.6765600000003,-2302.6636399999998,-1463.383679999999,3,0
2024-06-28,36422.72844,39219.39219,-2796.66375,-1567.6518399999995,-1708.371400000001,4,0
2024-07-01,33431.66862,35193.0,-1761.3313800000008,-2514.662230000001,-2244.3430799999987,0,0
2024-07-02,29466.58932,31173.0,-1706.4106799999997,-3069.656060000001,-2412.340440000001,1,0
2024-07-03,33266.66532,35154.0,-1887.334680000001,-1961.67756,-2882.313759999999,2,0
2024-07-04,32886.657719999996,35219.0,-2332.3422800000003,-2312.680740000002,-1756.3135399999996,3,0
2024-07-05,34859.69718,37404.0,-2544.302819999999,-2795.6838999999995,-1906.3635199999987,4,0
2024-07-08,30816.61632,32280.0,-1463.383679999999,-2407.6765600000003,-2078.3804199999995,0,0
2024-07-09,31430.6286,33139.0,-1708.371400000001,-2796.66375,-1721.3954,1,0
2024-07-10,32846.65692,35091.0,-2244.3430799999987,-1761.3313800000008,-2977.2940200000003,2,0
2024-07-11,32978.65956,35391.0,-2412.340440000001,-1706.4106799999997,-2034.327640000001,3,0
2024-07-12,34312.68624,37195.0,-2882.313759999999,-1887.334680000001,-2009.3277599999997,4,0
2024-07-15,34323.68646,36080.0,-1756.3135399999996,-2332.3422800000003,-2064.2920599999998,0,0
2024-07-16,31824.63648,33731.0,-1906.3635199999987,-2544.302819999999,-1496.30098,1,0
2024-07-17,30979.61958,33058.0,-2078.3804199999995,-1463.383679999999,-3103.3292000000006,2,0
2024-07-18,30230.6046,31952.0,-1721.3954,-1708.371400000001,-2683.321900000001,3,0
2024-07-19,35299.70598,38277.0,-2977.2940200000003,-2244.3430799999987,-2005.3256,4,0
2024-07-22,33618.67236,35653.0,-2034.327640000001,-2412.340440000001,-2539.3157,0,0
2024-07-23,33612.67224,35622.0,-2009.3277599999997,-2882.313759999999,-2374.4504300000003,1,0
2024-07-24,35397.70794,37462.0,-2064.2920599999998,-1756.3135399999996,-2778.49635,2,0
2024-07-25,34951.69902,36448.0,-1496.30098,-1906.3635199999987,-1659.2830200000017,3,0
2024-07-26,33540.6708,36644.0,-3103.3292000000006,-2078.3804199999995,-2159.3161400000004,4,0
2024-07-29,33905.6781,36589.0,-2683.321900000001,-1721.3954,-1847.35518,0,0
2024-07-30,33720.674399999996,35726.0,-2005.3256,-2977.2940200000003,-2395.3527399999994,1,0
2024-07-31,34215.6843,36755.0,-2539.3157,-2034.327640000001,-2528.3902100000005,2,0
2024-08-01,34480.65519,36855.10562,-2374.4504300000003,-2009.3277599999997,-2348.4694500000005,3,0
2024-08-02,35325.64674,38104.14309,-2778.49635,-2064.2920599999998,-3271.4903,4,0
2024-08-05,30831.69168,32490.974700000002,-1659.2830200000017,-1496.30098,-2625.4972000000016,0,0
2024-08-06,31284.687149999998,33444.00329,-2159.3161400000004,-3103.3292000000006,-2778.490509999999,1,0
2024-08-07,32494.675049999998,34342.03023,-1847.35518,-2683.321900000001,-2227.331900000001,2,0
2024-08-08,32022.67977,34418.03251,-2395.3527399999994,-2005.3256,-2615.399220000001,3,0
2024-08-09,32859.6714,35388.06161,-2528.3902100000005,-2539.3157,-2366.3801099999996,4,0
2024-08-12,34975.65024,37324.11969,-2348.4694500000005,-2374.4504300000003,-2234.42375,0,0
2024-08-13,34804.65195,38076.14225,-3271.4903,-2778.49635,-2618.5309499999994,1,0
2024-08-14,35461.64538,38087.14258,-2625.4972000000016,-1659.2830200000017,-1738.476590000001,2,0
2024-08-16,35179.6482,37958.13871,-2778.490509999999,-2159.3161400000004,-2715.510260000001,4,0
2024-08-19,31627.68372,33855.01562,-2227.331900000001,-1847.35518,-2348.5368900000003,0,0
2024-08-20,33019.669799999996,35635.06902,-2615.399220000001,-2395.3527399999994,-2378.5125900000007,1,0
2024-08-21,32728.67271,35095.05282,-2366.3801099999996,-2528.3902100000005,-2490.58615,2,0
2024-08-22,33918.66081,36153.08456,-2234.42375,-2348.4694500000005,-2179.0217900000007,3,0
2024-08-23,36310.63689,38929.16784,-2618.5309499999994,-3271.4903,-2389.0238900000018,4,0
2024-08-26,35611.64388,37350.12047,-1738.476590000001,-2625.4972000000016,-2203.0220299999996,0,0
2024-08-27,35720.64279,38436.15305,-2715.510260000001,-2778.490509999999,-2420.0242000000007,1,0
2024-08-28,36661.63338,39010.17027,-2348.5368900000003,-2227.331900000001,-2304.023040000001,2,0
2024-08-29,36031.63968,38410.15227,-2378.5125900000007,-2615.399220000001,-1921.0192100000008,3,0
2024-08-30,37786.62213,40277.20828,-2490.58615,-2366.3801099999996,-1403.0140299999994,4,0
2024-09-02,36489.36489,38668.38668,-2179.0217900000007,-2234.42375,-1129.0112900000004,0,0
2024-09-03,37961.379609999996,40350.4035,-2389.0238900000018,-2618.5309499999994,-1193.0119300000003,1,0
2024-09-04,39217.39217,41420.4142,-2203.0220299999996,-1738.476590000001,-1953.0195300000007,2,0
2024-09-05,38354.38354,40774.40774,-2420.0242000000007,-2715.510260000001,-2753.02753,3,0
2024-09-06,39541.39541,41845.41845,-2304.023040000001,-2348.5368900000003,-847.0084700000004,4,0
2024-09-09,37395.37395,39316.39316,-1921.0192100000008,-2378.5125900000007,-4076.040759999999,0,0
2024-09-10,37411.37411,38814.388139999995,-1403.0140299999994,-2490.58615,-2810.0281000000004,1,0
2024-09-11,35374.35374,36503.36503,-1129.0112900000004,-2179.0217900000007,-1638.0163800000005,2,0
2024-09-12,31988.31988,33181.33181,-1193.0119300000003,-2389.0238900000018,-2294.02294,3,0
2024-09-13,32731.32731,34684.34684,-1953.0195300000007,-2203.0220299999996,-1957.0195699999992,4,0
2024-09-16,32110.3211,34863.34863,-2753.02753,-2420.0242000000007,-2174.02174,0,0
2024-09-18,22377.22377,23224.23224,-847.0084700000004,-2304.023040000001,-2502.0250200000014,2,0
2024-09-19,29823.29823,33899.33899,-4076.040759999999,-1921.0192100000008,-2390.023900000001,3,0
2024-09-20,33387.33387,36197.36197,-2810.0281000000004,-1403.0140299999994,-1825.0795300000018,4,0
2024-09-23,38573.38573,40211.40211,-1638.0163800000005,-1129.0112900000004,-2499.796000000002,0,0
2024-09-24,37788.37788,40082.40082,-2294.02294,-1193.0119300000003,-1827.8977300000024,1,0
2024-09-25,38526.38526,40483.40483,-1957.0195699999992,-1953.0195300000007,-2552.872250000003,2,0
2024-09-26,38155.38155,40329.40329,-2174.02174,-2753.02753,-2566.8499800000013,3,0
2024-09-27,39380.3938,41882.41882,-2502.0250200000014,-847.0084700000004,-3446.710790000002,4,0
2024-09-30,35114.35114,37504.37504,-2390.023900000001,-4076.040759999999,-1594.7272800000035,0,0
2024-10-01,29465.29465,31290.374180000003,-1825.0795300000018,-2810.0281000000004,-1873.7768400000032,1,0
2024-10-02,38466.38466,40966.180660000005,-2499.796000000002,-1638.0163800000005,-2177.781140000001,2,0
2024-10-07,35523.35523,37351.252960000005,-1827.8977300000024,-2294.02294,-2189.7660499999984,0,0
2024-10-08,35889.358889999996,38442.23114,-2552.872250000003,-1957.0195699999992,-2591.759180000002,1,0
2024-10-10,36622.366219999996,39189.2162,-2566.8499800000013,-2174.02174,-2119.787970000001,3,0
2024-10-11,40675.40675,44122.11754,-3446.710790000002,-2502.0250200000014,-1920.8424100000025,4,0
2024-10-14,41360.4136,42955.14088,-1594.7272800000035,-2390.023900000001,-1882.7475900000009,0,0
2024-10-15,39522.39522,41396.172060000004,-1873.7768400000032,-1825.0795300000018,-2369.699990000002,1,0
2024-10-16,39176.39176,41354.1729,-2177.781140000001,-2499.796000000002,-2977.678500000001,2,0
2024-10-17,39671.39671,41861.16276,-2189.7660499999984,-1827.8977300000024,-2024.8024700000017,3,0
2024-10-18,39632.39632,42224.1555,-2591.759180000002,-2552.872250000003,-2129.7992000000013,4,0
2024-10-21,38987.38987,41107.177840000004,-2119.787970000001,-2566.8499800000013,-2081.782070000001,0,0
2024-10-22,37305.37305,39226.21546,-1920.8424100000025,-3446.710790000002,-2472.7961500000015,1,0
2024-10-23,40491.40491,42374.152500000004,-1882.7475900000009,-1594.7272800000035,-3255.5224499999995,2,0
2024-10-24,41753.41753,44123.11752,-2369.699990000002,-1873.7768400000032,-1938.56661,3,0
2024-10-25,42064.42064,45042.09914,-2977.678500000001,-2177.781140000001,-1783.578739999999,4,0
2024-10-28,38567.38567,40592.18814,-2024.8024700000017,-2189.7660499999984,-1771.5733100000004,0,0
2024-10-29,38606.38606,40736.18526,-2129.7992000000013,-2591.759180000002,-2197.579270000001,1,0
2024-10-30,39209.39209,41291.17416,-2081.782070000001,-2119.787970000001,-2827.5383600000005,2,0
2024-10-31,38479.38479,40952.18094,-2472.7961500000015,-1920.8424100000025,-1875.5837700000016,3,0
2024-11-01,41242.58757,44498.11002,-3255.5224499999995,-1882.7475900000009,-2174.58749,4,0
2024-11-04,39460.60539,41399.172,-1938.56661,-2369.699990000002,-2063.580819999999,0,0
2024-11-05,38557.61442,40341.19316,-1783.578739999999,-2977.678500000001,-3223.5660300000004,1,0
2024-11-06,39124.60875,40896.18206,-1771.5733100000004,-2024.8024700000017,-3423.532199999999,2,0
2024-11-07,37676.62323,39874.2025,-2197.579270000001,-2129.7992000000013,-1709.6026600000027,3,0
2024-11-08,40507.59492,43335.13328,-2827.5383600000005,-2081.782070000001,-2439.590360000001,4,0
2024-11-11,37870.621289999995,39746.20506,-1875.5837700000016,-2472.7961500000015,-1671.59079,0,0
2024-11-12,36900.63099,39075.21848,-2174.58749,-3255.5224499999995,-2524.5690399999994,1,0
2024-11-13,37789.6221,39853.202919999996,-2063.580819999999,-1938.56661,-3466.5245900000014,2,0
2024-11-14,36948.63051,40172.19654,-3223.5660300000004,-1783.578739999999,-1485.6003799999992,3,0
2024-11-15,39931.60068,43355.13288,-3423.532199999999,-1771.5733100000004,-2022.5922500000004,4,0
2024-11-18,36313.63686,38023.23952,-1709.6026600000027,-2197.579270000001,-2672.564190000001,0,0
2024-11-19,36083.63916,38523.22952,-2439.590360000001,-2827.5383600000005,-2522.5761199999997,1,0
2024-11-20,37576.62423,39248.215019999996,-1671.59079,-1875.5837700000016,-2988.530849999999,2,0
